<?xml version="1.0" encoding="UTF-8"?>
<!--
    Licensed to the Apache Software Foundation (ASF) under one or more
    contributor license agreements.  See the NOTICE file distributed with
    this work for additional information regarding copyright ownership.
    The ASF licenses this file to You under the Apache License, Version 2.0
    (the "License"); you may not use this file except in compliance with
    the License.  You may obtain a copy of the License at

    http://www.apache.org/licenses/LICENSE-2.0

    Unless required by applicable law or agreed to in writing, software
    distributed under the License is distributed on an "AS IS" BASIS,
    WITHOUT WARRANTIES OR CONDITIONS OF ANY KIND, either express or implied.
    See the License for the specific language governing permissions and
    limitations under the License.
-->
<beans xmlns="http://www.springframework.org/schema/beans"
       xmlns:xsi="http://www.w3.org/2001/XMLSchema-instance"
       xmlns:cxf="http://camel.apache.org/schema/cxf"
       xsi:schemaLocation="
       http://www.springframework.org/schema/beans http://www.springframework.org/schema/beans/spring-beans.xsd
       http://camel.apache.org/schema/cxf http://camel.apache.org/schema/cxf/camel-cxf.xsd
       http://camel.apache.org/schema/spring http://camel.apache.org/schema/spring/camel-spring.xsd
    ">

    
  <!-- Enable bridge between Camel Property Placeholder and Spring Property placeholder so we can use system properties
       to dynamically set the port number for unit testing the example.  -->
  <bean id="bridgePropertyPlaceholder" class="org.apache.camel.spring.spi.BridgePropertyPlaceholderConfigurer"/>
  
  <!-- START SNIPPET: example -->

  <!--
  If you want to run this example in a Tomcat container which needs the servlet transport,
  please replace the cxf-extension-http-jetty.xml with cxf-servlet.xml
  -->

  <bean id="testBean" class="org.apache.camel.example.cxf.provider.TesterBean"/>

  <cxf:cxfEndpoint id="soapMessageEndpoint"
                   serviceClass="org.apache.camel.example.cxf.provider.GreeterProvider"
                   address="http://localhost:{{port}}/GreeterContext/SOAPMessageService"
                   wsdlURL="wsdl/hello_world.wsdl"
                   endpointName="s:SoapOverHttpRouter"
                   serviceName="s:SOAPService"
                   xmlns:s="http://apache.org/hello_world_soap_http"/>


  <camelContext id="test_context" xmlns="http://camel.apache.org/schema/spring">
    <route>
      <from uri="cxf:bean:soapMessageEndpoint"/>
      <to uri="bean:testBean?method=processSOAP"/>
    </route>
  </camelContext>

  <!-- END SNIPPET: example -->

</beans>